model,forecasts,excluded_forecasts,matched_forecasts,joined_quote_rows,strict_quote_rows,matched_games_or_future_teams,strict_matched_forecasts,matched_forecasts_with_actuals,clock_verified_quote_rows,comparison_eligible_forecasts_with_actuals
nfl_phase4_corrected,287,0,281,10142,10142,281,281,266,330,266
nfl_revamp_totals_saved,287,0,281,9820,9820,281,281,266,0,266
nfl_primary_epa,30,0,30,660,660,15,30,0,660,0
nfl_independent,30,0,30,660,660,15,30,0,660,0
nfl_prior_volume_calibration,1128,0,156,4706,2172,44,156,156,0,156
nfl_injury_aware_yards_mean,6922,0,428,10546,4748,32,406,428,0,406
nfl_injury_aware_reception_mean,6922,0,413,10082,4613,32,389,413,0,389
nfl_experimental_super_bowl,32,0,32,224,224,32,32,0,224,0
cbb_canonical_ridge,5406,487,1674,28028,28028,1674,1674,1674,0,1674
wnba_joint_score,76,0,28,748,748,14,28,28,0,28
wnba_saved_spread_baseline,358,0,128,3324,3324,64,128,128,0,128
nhl_saved_site_pregame,2808,0,95,938,938,95,95,95,0,95
nhl_prior_roster_sog_replay,94435,0,213,2672,1882,14,204,208,0,200
