run_at_utc,snapshot_label,sport,games,rows,error,quota_used,quota_remaining
2026-07-08T03:48:42Z,close,NHL,0,0,,171,329
2026-07-08T03:48:42Z,close,BASKETBALL_WNBA,6,22,,174,326
2026-07-08T04:30:53Z,close,NHL,0,0,,174,326
2026-07-08T04:30:53Z,close,BASKETBALL_WNBA,5,18,,177,323
2026-07-08T05:31:40Z,close,NHL,0,0,,177,323
2026-07-08T05:31:40Z,close,BASKETBALL_WNBA,5,18,,180,320
2026-07-08T06:08:40Z,close,NHL,0,0,,180,320
2026-07-08T06:08:40Z,close,BASKETBALL_WNBA,5,18,,183,317
2026-07-08T06:31:36Z,open,NHL,0,0,,183,317
2026-07-08T06:31:36Z,open,BASKETBALL_WNBA,5,18,,186,314
2026-07-08T06:37:54Z,close,NHL,0,0,,186,314
2026-07-08T06:37:54Z,close,BASKETBALL_WNBA,5,18,,189,311
2026-07-08T16:43:29Z,morning,NHL,0,0,,189,311
2026-07-08T16:43:29Z,morning,BASKETBALL_WNBA,5,20,,192,308
2026-07-09T00:20:12Z,close,NHL,0,0,,192,308
2026-07-09T00:20:12Z,close,BASKETBALL_WNBA,5,20,,195,305
2026-07-09T04:16:02Z,close,NHL,0,0,,195,305
2026-07-09T04:16:02Z,close,BASKETBALL_WNBA,6,16,,198,302
2026-07-09T05:04:46Z,close,NHL,0,0,,198,302
2026-07-09T05:04:46Z,close,BASKETBALL_WNBA,6,16,,201,299
2026-07-09T06:16:03Z,close,NHL,0,0,,201,299
2026-07-09T06:16:03Z,close,BASKETBALL_WNBA,6,16,,204,296
2026-07-09T07:01:29Z,close,NHL,0,0,,204,296
2026-07-09T07:01:29Z,close,BASKETBALL_WNBA,6,16,,207,293
2026-07-09T07:50:04Z,open,NHL,0,0,,207,293
2026-07-09T07:50:04Z,open,BASKETBALL_WNBA,6,17,,210,290
2026-07-09T08:01:44Z,close,NHL,0,0,,210,290
2026-07-09T08:01:44Z,close,BASKETBALL_WNBA,6,17,,213,287
2026-07-09T17:23:32Z,morning,NHL,0,0,,213,287
2026-07-09T17:23:32Z,morning,BASKETBALL_WNBA,6,24,,216,284
2026-07-10T00:18:56Z,close,NHL,0,0,,216,284
2026-07-10T00:18:56Z,close,BASKETBALL_WNBA,6,24,,219,281
2026-07-10T04:27:01Z,close,NHL,0,0,,219,281
2026-07-10T04:27:01Z,close,BASKETBALL_WNBA,5,17,,222,278
2026-07-10T05:06:25Z,close,NHL,0,0,,222,278
2026-07-10T05:06:25Z,close,BASKETBALL_WNBA,4,14,,225,275
2026-07-10T06:15:30Z,close,NHL,0,0,,225,275
2026-07-10T06:15:30Z,close,BASKETBALL_WNBA,6,16,,228,272
2026-07-10T06:57:05Z,close,NHL,0,0,,228,272
2026-07-10T06:57:05Z,close,BASKETBALL_WNBA,6,16,,231,269
2026-07-10T07:39:18Z,open,NHL,0,0,,231,269
2026-07-10T07:39:18Z,open,BASKETBALL_WNBA,6,17,,234,266
2026-07-10T07:51:09Z,close,NHL,0,0,,234,266
2026-07-10T07:51:09Z,close,BASKETBALL_WNBA,6,17,,237,263
2026-07-10T17:00:50Z,morning,NHL,0,0,,237,263
2026-07-10T17:00:50Z,morning,BASKETBALL_WNBA,6,21,,240,260
2026-07-11T00:09:38Z,close,NHL,0,0,,240,260
2026-07-11T00:09:38Z,close,BASKETBALL_WNBA,6,24,,243,257
2026-07-11T03:45:47Z,close,NHL,0,0,,243,257
2026-07-11T03:45:47Z,close,BASKETBALL_WNBA,4,16,,246,254
2026-07-11T04:26:31Z,close,NHL,0,0,,246,254
2026-07-11T04:26:31Z,close,BASKETBALL_WNBA,3,12,,249,251
2026-07-11T05:22:35Z,close,NHL,0,0,,249,251
2026-07-11T05:22:35Z,close,BASKETBALL_WNBA,3,12,,252,248
2026-07-11T05:55:18Z,close,NHL,0,0,,252,248
2026-07-11T05:55:18Z,close,BASKETBALL_WNBA,3,12,,255,245
2026-07-11T06:17:14Z,open,NHL,0,0,,255,245
2026-07-11T06:17:14Z,open,BASKETBALL_WNBA,3,12,,258,242
2026-07-11T06:25:25Z,close,NHL,0,0,,258,242
2026-07-11T06:25:25Z,close,BASKETBALL_WNBA,3,12,,261,239
2026-07-11T15:59:37Z,morning,NHL,0,0,,261,239
2026-07-11T15:59:37Z,morning,BASKETBALL_WNBA,3,12,,264,236
2026-07-12T00:11:11Z,close,NHL,0,0,,264,236
2026-07-12T00:11:11Z,close,BASKETBALL_WNBA,5,17,,267,233
2026-07-12T04:01:48Z,close,NHL,0,0,,267,233
2026-07-12T04:01:48Z,close,BASKETBALL_WNBA,6,16,,270,230
2026-07-12T04:37:29Z,close,NHL,0,0,,270,230
2026-07-12T04:37:29Z,close,BASKETBALL_WNBA,6,16,,273,227
2026-07-12T05:38:57Z,close,NHL,0,0,,273,227
2026-07-12T05:38:57Z,close,BASKETBALL_WNBA,6,18,,276,224
2026-07-12T06:16:41Z,close,NHL,0,0,,276,224
2026-07-12T06:16:41Z,close,BASKETBALL_WNBA,6,18,,279,221
2026-07-12T06:37:50Z,open,NHL,0,0,,279,221
2026-07-12T06:37:50Z,open,BASKETBALL_WNBA,6,18,,282,218
2026-07-12T06:47:27Z,close,NHL,0,0,,282,218
2026-07-12T06:47:27Z,close,BASKETBALL_WNBA,6,18,,285,215
2026-07-12T16:02:42Z,morning,NHL,0,0,,285,215
2026-07-12T16:02:42Z,morning,BASKETBALL_WNBA,6,22,,288,212
2026-07-13T00:11:07Z,close,NHL,0,0,,288,212
2026-07-13T00:11:07Z,close,BASKETBALL_WNBA,6,18,,291,209
2026-07-13T04:03:53Z,close,NHL,0,0,,291,209
2026-07-13T04:03:53Z,close,BASKETBALL_WNBA,4,12,,294,206
2026-07-13T04:45:05Z,close,NHL,0,0,,294,206
2026-07-13T04:45:05Z,close,BASKETBALL_WNBA,4,12,,297,203
2026-07-13T05:49:06Z,close,NHL,0,0,,297,203
2026-07-13T05:49:06Z,close,BASKETBALL_WNBA,4,12,,300,200
2026-07-13T06:32:08Z,close,NHL,0,0,,300,200
2026-07-13T06:32:08Z,close,BASKETBALL_WNBA,4,12,,303,197
2026-07-13T07:24:16Z,open,NHL,0,0,,303,197
2026-07-13T07:24:16Z,open,BASKETBALL_WNBA,4,12,,306,194
2026-07-13T07:35:47Z,close,NHL,0,0,,306,194
2026-07-13T07:35:47Z,close,BASKETBALL_WNBA,4,12,,309,191
2026-07-13T17:17:38Z,morning,NHL,0,0,,309,191
2026-07-13T17:17:38Z,morning,BASKETBALL_WNBA,4,14,,312,188
2026-07-14T00:07:12Z,close,NHL,0,0,,312,188
2026-07-14T00:07:12Z,close,BASKETBALL_WNBA,4,16,,315,185
2026-07-14T03:39:27Z,close,NHL,0,0,,315,185
2026-07-14T03:39:27Z,close,BASKETBALL_WNBA,5,11,,318,182
2026-07-14T04:16:20Z,close,NHL,0,0,,318,182
2026-07-14T04:16:20Z,close,BASKETBALL_WNBA,5,12,,321,179
2026-07-14T05:10:04Z,close,NHL,0,0,,321,179
2026-07-14T05:10:04Z,close,BASKETBALL_WNBA,5,14,,324,176
2026-07-14T05:41:34Z,close,NHL,0,0,,324,176
2026-07-14T05:41:34Z,close,BASKETBALL_WNBA,5,14,,327,173
2026-07-14T06:14:23Z,open,NHL,0,0,,327,173
2026-07-14T06:14:23Z,open,BASKETBALL_WNBA,5,14,,330,170
2026-07-14T06:23:33Z,close,NHL,0,0,,330,170
2026-07-14T06:23:33Z,close,BASKETBALL_WNBA,5,14,,333,167
2026-07-14T16:19:27Z,morning,NHL,0,0,,333,167
2026-07-14T16:19:27Z,morning,BASKETBALL_WNBA,5,17,,336,164
2026-07-15T00:05:07Z,close,NHL,0,0,,336,164
2026-07-15T00:05:07Z,close,BASKETBALL_WNBA,5,18,,339,161
2026-07-15T03:39:56Z,close,NHL,0,0,,339,161
2026-07-15T03:39:56Z,close,BASKETBALL_WNBA,5,16,,342,158
2026-07-15T04:16:00Z,close,NHL,0,0,,342,158
2026-07-15T04:16:00Z,close,BASKETBALL_WNBA,5,16,,345,155
2026-07-15T05:10:21Z,close,NHL,0,0,,345,155
2026-07-15T05:10:21Z,close,BASKETBALL_WNBA,5,16,,348,152
2026-07-15T05:42:55Z,close,NHL,0,0,,348,152
2026-07-15T05:42:55Z,close,BASKETBALL_WNBA,5,16,,351,149
2026-07-15T06:18:13Z,open,NHL,0,0,,351,149
2026-07-15T06:18:13Z,open,BASKETBALL_WNBA,5,16,,354,146
2026-07-15T06:27:03Z,close,NHL,0,0,,354,146
2026-07-15T06:27:03Z,close,BASKETBALL_WNBA,5,16,,357,143
2026-07-15T16:26:57Z,morning,NHL,0,0,,357,143
2026-07-15T16:26:57Z,morning,BASKETBALL_WNBA,5,18,,360,140
2026-07-16T00:09:57Z,close,NHL,17,17,,363,137
2026-07-16T00:09:57Z,close,BASKETBALL_WNBA,6,21,,366,134
2026-07-16T03:41:53Z,close,NHL,17,17,,369,131
2026-07-16T03:41:53Z,close,BASKETBALL_WNBA,6,19,,372,128
2026-07-16T04:24:09Z,close,NHL,17,17,,375,125
2026-07-16T04:24:09Z,close,BASKETBALL_WNBA,6,19,,378,122
2026-07-16T05:20:37Z,close,NHL,17,17,,381,119
2026-07-16T05:20:37Z,close,BASKETBALL_WNBA,6,19,,384,116
2026-07-16T05:56:39Z,close,NHL,17,17,,387,113
2026-07-16T05:56:39Z,close,BASKETBALL_WNBA,6,19,,390,110
2026-07-16T06:21:50Z,open,NHL,17,17,,393,107
2026-07-16T06:21:50Z,open,BASKETBALL_WNBA,6,19,,396,104
2026-07-16T06:30:24Z,close,NHL,17,17,,399,101
2026-07-16T06:30:24Z,close,BASKETBALL_WNBA,6,19,,402,98
2026-07-16T16:21:03Z,morning,NHL,17,17,,405,95
2026-07-16T16:21:03Z,morning,BASKETBALL_WNBA,5,16,,408,92
2026-07-17T00:12:37Z,close,NHL,31,31,,411,89
2026-07-17T00:12:37Z,close,BASKETBALL_WNBA,5,20,,414,86
2026-07-17T03:41:36Z,close,NHL,31,31,,417,83
2026-07-17T03:41:36Z,close,BASKETBALL_WNBA,7,22,,420,80
2026-07-17T04:23:19Z,close,NHL,31,31,,423,77
2026-07-17T04:23:19Z,close,BASKETBALL_WNBA,7,22,,426,74
2026-07-17T05:23:19Z,close,NHL,31,31,,429,71
2026-07-17T05:23:19Z,close,BASKETBALL_WNBA,7,22,,432,68
2026-07-17T05:57:23Z,close,NHL,31,31,,435,65
2026-07-17T05:57:23Z,close,BASKETBALL_WNBA,7,22,,438,62
2026-07-17T06:20:15Z,open,NHL,31,31,,441,59
2026-07-17T06:20:15Z,open,BASKETBALL_WNBA,7,22,,444,56
2026-07-17T06:26:33Z,close,NHL,31,31,,447,53
2026-07-17T06:26:33Z,close,BASKETBALL_WNBA,7,22,,450,50
2026-07-17T16:19:03Z,morning,NHL,31,31,,453,47
2026-07-17T16:19:03Z,morning,BASKETBALL_WNBA,7,22,,456,44
2026-07-18T00:09:48Z,close,NHL,31,36,,459,41
2026-07-18T00:09:48Z,close,BASKETBALL_WNBA,7,27,,462,38
2026-07-18T03:37:00Z,close,NHL,31,36,,465,35
2026-07-18T03:37:00Z,close,BASKETBALL_WNBA,6,20,,468,32
2026-07-18T04:13:25Z,close,NHL,31,36,,471,29
2026-07-18T04:13:25Z,close,BASKETBALL_WNBA,6,20,,474,26
2026-07-18T05:05:39Z,close,NHL,31,36,,477,23
2026-07-18T05:05:39Z,close,BASKETBALL_WNBA,5,16,,480,20
2026-07-18T05:38:03Z,close,NHL,31,36,,483,17
2026-07-18T05:38:03Z,close,BASKETBALL_WNBA,5,16,,486,14
2026-07-18T06:07:57Z,open,NHL,31,36,,489,11
2026-07-18T06:07:57Z,open,BASKETBALL_WNBA,5,16,,492,8
2026-07-18T06:17:05Z,close,NHL,31,36,,495,5
2026-07-18T06:17:05Z,close,BASKETBALL_WNBA,5,16,,498,2
2026-07-18T16:01:36Z,morning,NHL,0,0,HTTPError: 401 Client Error: Unauthorized for url: https://api.the-odds-api.com/v4/sports/icehockey_nhl/odds/?apiKey=***&regions=us&markets=h2h%2Cspreads%2Ctotals&bookmakers=betmgm%2Ccaesars%2Cfanduel%2Cdraftkings%2Cbetrivers&oddsFormat=american,,
2026-07-18T16:01:36Z,morning,BASKETBALL_WNBA,0,0,HTTPError: 401 Client Error: Unauthorized for url: https://api.the-odds-api.com/v4/sports/basketball_wnba/odds/?apiKey=***&regions=us&markets=h2h%2Cspreads%2Ctotals&bookmakers=betmgm%2Ccaesars%2Cfanduel%2Cdraftkings%2Cbetrivers&oddsFormat=american,,
2026-07-19T00:09:51Z,close,NHL,0,0,HTTPError: 401 Client Error: Unauthorized for url: https://api.the-odds-api.com/v4/sports/icehockey_nhl/odds/?apiKey=***&regions=us&markets=h2h%2Cspreads%2Ctotals&bookmakers=betmgm%2Ccaesars%2Cfanduel%2Cdraftkings%2Cbetrivers&oddsFormat=american,,
2026-07-19T00:09:51Z,close,BASKETBALL_WNBA,0,0,HTTPError: 401 Client Error: Unauthorized for url: https://api.the-odds-api.com/v4/sports/basketball_wnba/odds/?apiKey=***&regions=us&markets=h2h%2Cspreads%2Ctotals&bookmakers=betmgm%2Ccaesars%2Cfanduel%2Cdraftkings%2Cbetrivers&oddsFormat=american,,
2026-07-19T03:58:56Z,close,NHL,0,0,HTTPError: 401 Client Error: Unauthorized for url: https://api.the-odds-api.com/v4/sports/icehockey_nhl/odds/?apiKey=***&regions=us&markets=h2h%2Cspreads%2Ctotals&bookmakers=betmgm%2Ccaesars%2Cfanduel%2Cdraftkings%2Cbetrivers&oddsFormat=american,,
2026-07-19T03:58:56Z,close,BASKETBALL_WNBA,0,0,HTTPError: 401 Client Error: Unauthorized for url: https://api.the-odds-api.com/v4/sports/basketball_wnba/odds/?apiKey=***&regions=us&markets=h2h%2Cspreads%2Ctotals&bookmakers=betmgm%2Ccaesars%2Cfanduel%2Cdraftkings%2Cbetrivers&oddsFormat=american,,
2026-07-19T04:33:15Z,close,NHL,0,0,HTTPError: 401 Client Error: Unauthorized for url: https://api.the-odds-api.com/v4/sports/icehockey_nhl/odds/?apiKey=***&regions=us&markets=h2h%2Cspreads%2Ctotals&bookmakers=betmgm%2Ccaesars%2Cfanduel%2Cdraftkings%2Cbetrivers&oddsFormat=american,,
2026-07-19T04:33:15Z,close,BASKETBALL_WNBA,0,0,HTTPError: 401 Client Error: Unauthorized for url: https://api.the-odds-api.com/v4/sports/basketball_wnba/odds/?apiKey=***&regions=us&markets=h2h%2Cspreads%2Ctotals&bookmakers=betmgm%2Ccaesars%2Cfanduel%2Cdraftkings%2Cbetrivers&oddsFormat=american,,
2026-07-19T05:32:12Z,close,NHL,0,0,HTTPError: 401 Client Error: Unauthorized for url: https://api.the-odds-api.com/v4/sports/icehockey_nhl/odds/?apiKey=***&regions=us&markets=h2h%2Cspreads%2Ctotals&bookmakers=betmgm%2Ccaesars%2Cfanduel%2Cdraftkings%2Cbetrivers&oddsFormat=american,,
2026-07-19T05:32:12Z,close,BASKETBALL_WNBA,0,0,HTTPError: 401 Client Error: Unauthorized for url: https://api.the-odds-api.com/v4/sports/basketball_wnba/odds/?apiKey=***&regions=us&markets=h2h%2Cspreads%2Ctotals&bookmakers=betmgm%2Ccaesars%2Cfanduel%2Cdraftkings%2Cbetrivers&oddsFormat=american,,
2026-07-19T06:10:56Z,close,NHL,0,0,HTTPError: 401 Client Error: Unauthorized for url: https://api.the-odds-api.com/v4/sports/icehockey_nhl/odds/?apiKey=***&regions=us&markets=h2h%2Cspreads%2Ctotals&bookmakers=betmgm%2Ccaesars%2Cfanduel%2Cdraftkings%2Cbetrivers&oddsFormat=american,,
2026-07-19T06:10:56Z,close,BASKETBALL_WNBA,0,0,HTTPError: 401 Client Error: Unauthorized for url: https://api.the-odds-api.com/v4/sports/basketball_wnba/odds/?apiKey=***&regions=us&markets=h2h%2Cspreads%2Ctotals&bookmakers=betmgm%2Ccaesars%2Cfanduel%2Cdraftkings%2Cbetrivers&oddsFormat=american,,
2026-07-19T06:33:27Z,open,NHL,0,0,HTTPError: 401 Client Error: Unauthorized for url: https://api.the-odds-api.com/v4/sports/icehockey_nhl/odds/?apiKey=***&regions=us&markets=h2h%2Cspreads%2Ctotals&bookmakers=betmgm%2Ccaesars%2Cfanduel%2Cdraftkings%2Cbetrivers&oddsFormat=american,,
2026-07-19T06:33:27Z,open,BASKETBALL_WNBA,0,0,HTTPError: 401 Client Error: Unauthorized for url: https://api.the-odds-api.com/v4/sports/basketball_wnba/odds/?apiKey=***&regions=us&markets=h2h%2Cspreads%2Ctotals&bookmakers=betmgm%2Ccaesars%2Cfanduel%2Cdraftkings%2Cbetrivers&oddsFormat=american,,
2026-07-19T06:42:03Z,close,NHL,0,0,HTTPError: 401 Client Error: Unauthorized for url: https://api.the-odds-api.com/v4/sports/icehockey_nhl/odds/?apiKey=***&regions=us&markets=h2h%2Cspreads%2Ctotals&bookmakers=betmgm%2Ccaesars%2Cfanduel%2Cdraftkings%2Cbetrivers&oddsFormat=american,,
2026-07-19T06:42:03Z,close,BASKETBALL_WNBA,0,0,HTTPError: 401 Client Error: Unauthorized for url: https://api.the-odds-api.com/v4/sports/basketball_wnba/odds/?apiKey=***&regions=us&markets=h2h%2Cspreads%2Ctotals&bookmakers=betmgm%2Ccaesars%2Cfanduel%2Cdraftkings%2Cbetrivers&oddsFormat=american,,
2026-07-19T16:01:34Z,morning,NHL,0,0,HTTPError: 401 Client Error: Unauthorized for url: https://api.the-odds-api.com/v4/sports/icehockey_nhl/odds/?apiKey=***&regions=us&markets=h2h%2Cspreads%2Ctotals&bookmakers=betmgm%2Ccaesars%2Cfanduel%2Cdraftkings%2Cbetrivers&oddsFormat=american,,
2026-07-19T16:01:34Z,morning,BASKETBALL_WNBA,0,0,HTTPError: 401 Client Error: Unauthorized for url: https://api.the-odds-api.com/v4/sports/basketball_wnba/odds/?apiKey=***&regions=us&markets=h2h%2Cspreads%2Ctotals&bookmakers=betmgm%2Ccaesars%2Cfanduel%2Cdraftkings%2Cbetrivers&oddsFormat=american,,
2026-07-20T00:12:11Z,close,NHL,0,0,HTTPError: 401 Client Error: Unauthorized for url: https://api.the-odds-api.com/v4/sports/icehockey_nhl/odds/?apiKey=***&regions=us&markets=h2h%2Cspreads%2Ctotals&bookmakers=betmgm%2Ccaesars%2Cfanduel%2Cdraftkings%2Cbetrivers&oddsFormat=american,,
2026-07-20T00:12:11Z,close,BASKETBALL_WNBA,0,0,HTTPError: 401 Client Error: Unauthorized for url: https://api.the-odds-api.com/v4/sports/basketball_wnba/odds/?apiKey=***&regions=us&markets=h2h%2Cspreads%2Ctotals&bookmakers=betmgm%2Ccaesars%2Cfanduel%2Cdraftkings%2Cbetrivers&oddsFormat=american,,
2026-07-20T04:08:01Z,close,NHL,0,0,HTTPError: 401 Client Error: Unauthorized for url: https://api.the-odds-api.com/v4/sports/icehockey_nhl/odds/?apiKey=***&regions=us&markets=h2h%2Cspreads%2Ctotals&bookmakers=betmgm%2Ccaesars%2Cfanduel%2Cdraftkings%2Cbetrivers&oddsFormat=american,,
2026-07-20T04:08:01Z,close,BASKETBALL_WNBA,0,0,HTTPError: 401 Client Error: Unauthorized for url: https://api.the-odds-api.com/v4/sports/basketball_wnba/odds/?apiKey=***&regions=us&markets=h2h%2Cspreads%2Ctotals&bookmakers=betmgm%2Ccaesars%2Cfanduel%2Cdraftkings%2Cbetrivers&oddsFormat=american,,
2026-07-20T04:50:50Z,close,NHL,0,0,HTTPError: 401 Client Error: Unauthorized for url: https://api.the-odds-api.com/v4/sports/icehockey_nhl/odds/?apiKey=***&regions=us&markets=h2h%2Cspreads%2Ctotals&bookmakers=betmgm%2Ccaesars%2Cfanduel%2Cdraftkings%2Cbetrivers&oddsFormat=american,,
2026-07-20T04:50:50Z,close,BASKETBALL_WNBA,0,0,HTTPError: 401 Client Error: Unauthorized for url: https://api.the-odds-api.com/v4/sports/basketball_wnba/odds/?apiKey=***&regions=us&markets=h2h%2Cspreads%2Ctotals&bookmakers=betmgm%2Ccaesars%2Cfanduel%2Cdraftkings%2Cbetrivers&oddsFormat=american,,
2026-07-20T05:50:04Z,close,NHL,0,0,HTTPError: 401 Client Error: Unauthorized for url: https://api.the-odds-api.com/v4/sports/icehockey_nhl/odds/?apiKey=***&regions=us&markets=h2h%2Cspreads%2Ctotals&bookmakers=betmgm%2Ccaesars%2Cfanduel%2Cdraftkings%2Cbetrivers&oddsFormat=american,,
2026-07-20T05:50:04Z,close,BASKETBALL_WNBA,0,0,HTTPError: 401 Client Error: Unauthorized for url: https://api.the-odds-api.com/v4/sports/basketball_wnba/odds/?apiKey=***&regions=us&markets=h2h%2Cspreads%2Ctotals&bookmakers=betmgm%2Ccaesars%2Cfanduel%2Cdraftkings%2Cbetrivers&oddsFormat=american,,
2026-07-20T06:28:00Z,close,NHL,0,0,HTTPError: 401 Client Error: Unauthorized for url: https://api.the-odds-api.com/v4/sports/icehockey_nhl/odds/?apiKey=***&regions=us&markets=h2h%2Cspreads%2Ctotals&bookmakers=betmgm%2Ccaesars%2Cfanduel%2Cdraftkings%2Cbetrivers&oddsFormat=american,,
2026-07-20T06:28:00Z,close,BASKETBALL_WNBA,0,0,HTTPError: 401 Client Error: Unauthorized for url: https://api.the-odds-api.com/v4/sports/basketball_wnba/odds/?apiKey=***&regions=us&markets=h2h%2Cspreads%2Ctotals&bookmakers=betmgm%2Ccaesars%2Cfanduel%2Cdraftkings%2Cbetrivers&oddsFormat=american,,
2026-07-20T06:50:30Z,open,NHL,0,0,HTTPError: 401 Client Error: Unauthorized for url: https://api.the-odds-api.com/v4/sports/icehockey_nhl/odds/?apiKey=***&regions=us&markets=h2h%2Cspreads%2Ctotals&bookmakers=betmgm%2Ccaesars%2Cfanduel%2Cdraftkings%2Cbetrivers&oddsFormat=american,,
2026-07-20T06:50:30Z,open,BASKETBALL_WNBA,0,0,HTTPError: 401 Client Error: Unauthorized for url: https://api.the-odds-api.com/v4/sports/basketball_wnba/odds/?apiKey=***&regions=us&markets=h2h%2Cspreads%2Ctotals&bookmakers=betmgm%2Ccaesars%2Cfanduel%2Cdraftkings%2Cbetrivers&oddsFormat=american,,
2026-07-20T07:27:36Z,close,NHL,0,0,HTTPError: 401 Client Error: Unauthorized for url: https://api.the-odds-api.com/v4/sports/icehockey_nhl/odds/?apiKey=***&regions=us&markets=h2h%2Cspreads%2Ctotals&bookmakers=betmgm%2Ccaesars%2Cfanduel%2Cdraftkings%2Cbetrivers&oddsFormat=american,,
2026-07-20T07:27:36Z,close,BASKETBALL_WNBA,0,0,HTTPError: 401 Client Error: Unauthorized for url: https://api.the-odds-api.com/v4/sports/basketball_wnba/odds/?apiKey=***&regions=us&markets=h2h%2Cspreads%2Ctotals&bookmakers=betmgm%2Ccaesars%2Cfanduel%2Cdraftkings%2Cbetrivers&oddsFormat=american,,
2026-07-20T16:34:54Z,morning,NHL,0,0,HTTPError: 401 Client Error: Unauthorized for url: https://api.the-odds-api.com/v4/sports/icehockey_nhl/odds/?apiKey=***&regions=us&markets=h2h%2Cspreads%2Ctotals&bookmakers=betmgm%2Ccaesars%2Cfanduel%2Cdraftkings%2Cbetrivers&oddsFormat=american,,
2026-07-20T16:34:54Z,morning,BASKETBALL_WNBA,0,0,HTTPError: 401 Client Error: Unauthorized for url: https://api.the-odds-api.com/v4/sports/basketball_wnba/odds/?apiKey=***&regions=us&markets=h2h%2Cspreads%2Ctotals&bookmakers=betmgm%2Ccaesars%2Cfanduel%2Cdraftkings%2Cbetrivers&oddsFormat=american,,
2026-08-01T00:11:06Z,close,NHL,31,48,,3,497
2026-08-01T00:11:06Z,close,BASKETBALL_WNBA,5,20,,6,494
2026-08-01T03:54:18Z,close,NHL,31,48,,9,491
2026-08-01T03:54:18Z,close,BASKETBALL_WNBA,5,16,,12,488
2026-08-01T04:33:51Z,close,NHL,31,48,,15,485
2026-08-01T04:33:51Z,close,BASKETBALL_WNBA,7,17,,18,482
2026-08-01T05:36:23Z,close,NHL,31,48,,21,479
2026-08-01T05:36:23Z,close,BASKETBALL_WNBA,6,16,,24,476
2026-08-01T06:10:26Z,close,NHL,31,48,,27,473
2026-08-01T06:10:26Z,close,BASKETBALL_WNBA,6,16,,30,470
2026-08-01T06:32:49Z,open,NHL,31,48,,33,467
2026-08-01T06:32:49Z,open,BASKETBALL_WNBA,6,16,,36,464
2026-08-01T06:39:34Z,close,NHL,31,48,,39,461
2026-08-01T06:39:34Z,close,BASKETBALL_WNBA,6,16,,42,458
2026-08-01T16:04:13Z,morning,NHL,31,48,,45,455
2026-08-01T16:04:13Z,morning,BASKETBALL_WNBA,6,20,,48,452
2026-08-02T00:12:12Z,close,NHL,31,48,,51,449
2026-08-02T00:12:12Z,close,BASKETBALL_WNBA,7,22,,54,446
2026-08-02T03:57:16Z,close,NHL,31,48,,57,443
2026-08-02T03:57:16Z,close,BASKETBALL_WNBA,7,28,,60,440
2026-08-02T04:35:58Z,close,NHL,31,48,,63,437
2026-08-02T04:35:58Z,close,BASKETBALL_WNBA,7,28,,66,434
2026-08-02T05:37:02Z,close,NHL,31,48,,69,431
2026-08-02T05:37:02Z,close,BASKETBALL_WNBA,7,28,,72,428
2026-08-02T06:13:39Z,close,NHL,31,48,,75,425
2026-08-02T06:13:39Z,close,BASKETBALL_WNBA,7,28,,78,422
2026-08-02T06:36:14Z,open,NHL,31,48,,81,419
2026-08-02T06:36:14Z,open,BASKETBALL_WNBA,7,28,,84,416
2026-08-02T06:44:14Z,close,NHL,31,48,,87,413
2026-08-02T06:44:14Z,close,BASKETBALL_WNBA,7,26,,90,410
2026-08-02T16:03:56Z,morning,NHL,31,48,,93,407
2026-08-02T16:03:56Z,morning,BASKETBALL_WNBA,7,25,,96,404
2026-08-03T00:12:36Z,close,NHL,31,48,,99,401
2026-08-03T00:12:36Z,close,BASKETBALL_WNBA,5,20,,102,398
2026-08-03T03:59:19Z,close,NHL,31,48,,105,395
2026-08-03T03:59:19Z,close,BASKETBALL_WNBA,4,14,,108,392
2026-08-03T04:45:28Z,close,NHL,31,48,,111,389
2026-08-03T04:45:28Z,close,BASKETBALL_WNBA,4,14,,114,386
2026-08-03T05:53:16Z,close,NHL,31,48,,117,383
2026-08-03T05:53:16Z,close,BASKETBALL_WNBA,4,14,,120,380
2026-08-03T06:39:46Z,close,NHL,31,48,,123,377
2026-08-03T06:39:46Z,close,BASKETBALL_WNBA,4,14,,126,374
2026-08-03T07:31:25Z,open,NHL,31,48,,129,371
2026-08-03T07:31:25Z,open,BASKETBALL_WNBA,4,15,,132,368
2026-08-03T07:44:40Z,close,NHL,31,48,,135,365
2026-08-03T07:44:40Z,close,BASKETBALL_WNBA,4,15,,138,362
2026-08-03T17:12:07Z,morning,NHL,31,48,,141,359
2026-08-03T17:12:07Z,morning,BASKETBALL_WNBA,4,15,,144,356
2026-08-04T00:15:23Z,close,NHL,31,48,,147,353
2026-08-04T00:15:23Z,close,BASKETBALL_WNBA,5,19,,150,350
2026-08-04T03:42:17Z,close,NHL,31,48,,153,347
2026-08-04T03:42:17Z,close,BASKETBALL_WNBA,5,11,,156,344
2026-08-04T04:29:03Z,close,NHL,31,48,,159,341
2026-08-04T04:29:03Z,close,BASKETBALL_WNBA,5,16,,162,338
2026-08-04T05:25:30Z,close,NHL,31,48,,165,335
2026-08-04T05:25:30Z,close,BASKETBALL_WNBA,6,17,,168,332
2026-08-04T06:06:03Z,close,NHL,31,48,,171,329
2026-08-04T06:06:03Z,close,BASKETBALL_WNBA,6,17,,174,326
2026-08-04T06:30:23Z,open,NHL,31,48,,177,323
2026-08-04T06:30:23Z,open,BASKETBALL_WNBA,6,17,,180,320
2026-08-04T06:39:30Z,close,NHL,31,48,,183,317
2026-08-04T06:39:30Z,close,BASKETBALL_WNBA,6,17,,186,314
2026-08-04T16:56:25Z,morning,NHL,31,48,,189,311
2026-08-04T16:56:25Z,morning,BASKETBALL_WNBA,6,23,,192,308
2026-08-05T00:14:38Z,close,NHL,31,48,,195,305
2026-08-05T00:14:38Z,close,BASKETBALL_WNBA,6,24,,198,302
2026-08-05T03:38:06Z,close,NHL,31,48,,201,299
2026-08-05T03:38:06Z,close,BASKETBALL_WNBA,6,24,,204,296
2026-08-05T04:27:56Z,close,NHL,31,48,,207,293
2026-08-05T04:27:56Z,close,BASKETBALL_WNBA,6,23,,210,290
2026-08-05T05:25:08Z,close,NHL,31,48,,213,287
2026-08-05T05:25:08Z,close,BASKETBALL_WNBA,6,23,,216,284
2026-08-05T06:02:53Z,close,NHL,31,48,,219,281
2026-08-05T06:02:53Z,close,BASKETBALL_WNBA,6,23,,222,278
2026-08-05T06:31:03Z,open,NHL,31,48,,225,275
2026-08-05T06:31:03Z,open,BASKETBALL_WNBA,6,23,,228,272
2026-08-05T06:40:26Z,close,NHL,31,48,,231,269
2026-08-05T06:40:26Z,close,BASKETBALL_WNBA,6,23,,234,266
2026-08-05T16:44:56Z,morning,NHL,31,48,,237,263
2026-08-05T16:44:56Z,morning,BASKETBALL_WNBA,6,24,,240,260
2026-08-06T00:09:48Z,close,NHL,31,48,,243,257
2026-08-06T00:09:48Z,close,BASKETBALL_WNBA,6,24,,246,254
2026-08-06T03:43:20Z,close,NHL,31,48,,249,251
2026-08-06T03:43:20Z,close,BASKETBALL_WNBA,3,11,,252,248
2026-08-06T04:29:11Z,close,NHL,31,48,,255,245
2026-08-06T04:29:11Z,close,BASKETBALL_WNBA,3,11,,258,242
2026-08-06T05:27:17Z,close,NHL,31,48,,261,239
2026-08-06T05:27:17Z,close,BASKETBALL_WNBA,6,17,,264,236
2026-08-06T06:06:31Z,close,NHL,31,48,,267,233
2026-08-06T06:06:31Z,close,BASKETBALL_WNBA,6,17,,270,230
2026-08-06T06:34:28Z,open,NHL,31,48,,273,227
2026-08-06T06:34:28Z,open,BASKETBALL_WNBA,6,17,,276,224
2026-08-06T06:44:05Z,close,NHL,31,48,,279,221
2026-08-06T06:44:05Z,close,BASKETBALL_WNBA,6,17,,282,218
2026-08-07T01:43:38Z,close,NHL,31,48,,285,215
2026-08-07T01:43:38Z,close,BASKETBALL_WNBA,6,24,,288,212
2026-08-07T03:18:59Z,close,NHL,31,48,,291,209
2026-08-07T03:18:59Z,close,BASKETBALL_WNBA,6,20,,294,206
2026-08-07T04:02:56Z,close,NHL,31,48,,297,203
2026-08-07T04:02:56Z,close,BASKETBALL_WNBA,6,20,,300,200
2026-08-07T04:33:04Z,close,NHL,31,48,,303,197
2026-08-07T04:33:04Z,close,BASKETBALL_WNBA,6,18,,306,194
2026-08-07T05:05:11Z,close,NHL,31,48,,309,191
2026-08-07T05:05:11Z,close,BASKETBALL_WNBA,6,21,,312,188
2026-08-07T05:42:49Z,open,NHL,31,48,,315,185
2026-08-07T05:42:49Z,open,BASKETBALL_WNBA,6,21,,318,182
2026-08-07T05:49:23Z,close,NHL,31,48,,321,179
2026-08-07T05:49:23Z,close,BASKETBALL_WNBA,6,21,,324,176
2026-08-07T15:59:45Z,morning,NHL,31,48,,327,173
2026-08-07T15:59:45Z,morning,BASKETBALL_WNBA,6,21,,330,170
2026-08-07T23:48:18Z,close,NHL,31,48,,333,167
2026-08-07T23:48:18Z,close,BASKETBALL_WNBA,6,24,,336,164
2026-08-08T02:23:56Z,close,NHL,31,48,,339,161
2026-08-08T02:23:56Z,close,BASKETBALL_WNBA,4,16,,342,158
2026-08-08T02:59:56Z,close,NHL,31,48,,345,155
2026-08-08T02:59:56Z,close,BASKETBALL_WNBA,5,16,,348,152
2026-08-08T03:44:10Z,close,NHL,31,48,,351,149
2026-08-08T03:44:10Z,close,BASKETBALL_WNBA,5,18,,354,146
2026-08-08T04:30:38Z,close,NHL,31,48,,357,143
2026-08-08T04:30:38Z,close,BASKETBALL_WNBA,5,16,,360,140
2026-08-08T05:00:38Z,open,NHL,31,48,,363,137
2026-08-08T05:00:38Z,open,BASKETBALL_WNBA,5,16,,366,134
2026-08-08T05:08:59Z,close,NHL,31,48,,369,131
2026-08-08T05:08:59Z,close,BASKETBALL_WNBA,5,16,,372,128
2026-08-08T15:34:49Z,morning,NHL,31,48,,375,125
2026-08-08T15:34:49Z,morning,BASKETBALL_WNBA,5,18,,378,122
2026-08-08T23:44:45Z,close,NHL,31,48,,381,119
2026-08-08T23:44:45Z,close,BASKETBALL_WNBA,5,20,,384,116
2026-08-09T02:31:24Z,close,NHL,31,48,,387,113
2026-08-09T02:31:24Z,close,BASKETBALL_WNBA,5,20,,390,110
2026-08-09T03:07:52Z,close,NHL,31,48,,393,107
2026-08-09T03:07:52Z,close,BASKETBALL_WNBA,4,16,,396,104
2026-08-09T03:53:35Z,close,NHL,31,48,,399,101
2026-08-09T03:53:35Z,close,BASKETBALL_WNBA,6,20,,402,98
2026-08-09T04:39:22Z,close,NHL,31,48,,405,95
2026-08-09T04:39:22Z,close,BASKETBALL_WNBA,6,20,,408,92
2026-08-09T05:09:19Z,open,NHL,31,48,,411,89
2026-08-09T05:09:19Z,open,BASKETBALL_WNBA,6,20,,414,86
2026-08-09T05:17:19Z,close,NHL,31,48,,417,83
2026-08-09T05:17:19Z,close,BASKETBALL_WNBA,6,20,,420,80
2026-08-09T15:36:28Z,morning,NHL,31,48,,423,77
2026-08-09T15:36:28Z,morning,BASKETBALL_WNBA,6,22,,426,74
2026-08-09T23:46:56Z,close,NHL,31,48,,429,71
2026-08-09T23:46:56Z,close,BASKETBALL_WNBA,5,16,,432,68
2026-08-10T02:37:07Z,close,NHL,31,48,,435,65
2026-08-10T02:37:07Z,close,BASKETBALL_WNBA,5,17,,438,62
2026-08-10T03:18:19Z,close,NHL,31,48,,441,59
2026-08-10T03:18:19Z,close,BASKETBALL_WNBA,5,18,,444,56
2026-08-10T04:08:19Z,close,NHL,31,48,,447,53
2026-08-10T04:08:19Z,close,BASKETBALL_WNBA,5,19,,450,50
2026-08-10T04:57:51Z,close,NHL,31,48,,453,47
2026-08-10T04:57:51Z,close,BASKETBALL_WNBA,5,19,,456,44
2026-08-10T05:36:21Z,open,NHL,31,48,,459,41
2026-08-10T05:36:21Z,open,BASKETBALL_WNBA,5,19,,462,38
2026-08-10T05:42:33Z,close,NHL,31,48,,465,35
2026-08-10T05:42:33Z,close,BASKETBALL_WNBA,5,19,,468,32
2026-08-10T16:02:51Z,morning,NHL,31,48,,471,29
2026-08-10T16:02:51Z,morning,BASKETBALL_WNBA,5,19,,474,26
2026-08-10T23:50:48Z,close,NHL,31,48,,477,23
2026-08-10T23:50:48Z,close,BASKETBALL_WNBA,5,20,,480,20
2026-08-11T02:30:25Z,close,NHL,31,48,,483,17
2026-08-11T02:30:25Z,close,BASKETBALL_WNBA,6,20,,486,14
2026-08-11T03:10:38Z,close,NHL,31,48,,489,11
2026-08-11T03:10:38Z,close,BASKETBALL_WNBA,6,20,,492,8
2026-08-11T03:55:09Z,close,NHL,31,48,,495,5
2026-08-11T03:55:09Z,close,BASKETBALL_WNBA,7,22,,498,2
2026-08-15T23:49:04Z,football,NFL,272,337,,15942,4058
2026-08-15T23:49:04Z,football,CFB,111,296,,15945,4055
2026-08-15T23:52:06Z,morning,NHL,30,47,,15954,4046
2026-08-15T23:52:06Z,morning,WNBA,6,21,,15957,4043
2026-08-16T01:59:23Z,close,NHL,30,47,,15960,4040
2026-08-16T01:59:23Z,close,WNBA,5,18,,15963,4037
2026-08-16T02:34:10Z,close,NHL,30,47,,15966,4034
2026-08-16T02:34:10Z,close,WNBA,4,15,,15969,4031
2026-08-16T03:13:36Z,close,NHL,30,47,,15972,4028
2026-08-16T03:13:36Z,close,WNBA,4,14,,15975,4025
2026-08-16T04:02:35Z,close,NHL,30,47,,15978,4022
2026-08-16T04:02:35Z,close,WNBA,4,14,,15981,4019
2026-08-16T04:38:57Z,open,NHL,30,47,,15984,4016
2026-08-16T04:38:57Z,open,WNBA,4,14,,15987,4013
2026-08-16T04:49:12Z,close,NHL,30,47,,15990,4010
2026-08-16T04:49:12Z,close,WNBA,4,14,,15993,4007
2026-08-16T15:26:14Z,morning,NHL,30,47,,15996,4004
2026-08-16T15:26:14Z,morning,WNBA,4,15,,15999,4001
2026-08-16T16:01:21Z,football,NFL,272,337,,16002,3998
2026-08-16T16:01:21Z,football,CFB,111,296,,16005,3995
2026-08-16T23:33:56Z,close,NHL,30,47,,16008,3992
2026-08-16T23:33:56Z,close,WNBA,4,15,,16011,3989
2026-08-17T01:56:55Z,close,NHL,30,47,,16014,3986
2026-08-17T01:56:55Z,close,WNBA,5,14,,16017,3983
2026-08-17T02:33:36Z,close,NHL,30,47,,16020,3980
2026-08-17T02:33:36Z,close,WNBA,5,18,,16023,3977
2026-08-17T03:13:54Z,close,NHL,30,47,,16026,3974
2026-08-17T03:13:54Z,close,WNBA,5,19,,16029,3971
2026-08-17T04:05:40Z,close,NHL,30,47,,16032,3968
2026-08-17T04:05:40Z,close,WNBA,5,19,,16035,3965
2026-08-17T04:46:39Z,open,NHL,30,47,,16038,3962
2026-08-17T04:46:39Z,open,WNBA,5,19,,16041,3959
2026-08-17T04:56:41Z,close,NHL,30,47,,16044,3956
2026-08-17T04:56:41Z,close,WNBA,5,19,,16047,3953
2026-08-17T15:30:01Z,morning,NHL,30,47,,16081,3919
2026-08-17T15:30:01Z,morning,WNBA,5,20,,16084,3916
2026-08-17T16:02:59Z,football,NFL,272,337,,16087,3913
2026-08-17T16:02:59Z,football,CFB,111,301,,16090,3910
2026-08-17T23:36:22Z,close,NHL,30,47,,17601,2399
2026-08-17T23:36:22Z,close,WNBA,5,20,,17604,2396
2026-08-18T01:53:06Z,close,NHL,30,47,,17607,2393
2026-08-18T01:53:06Z,close,WNBA,5,20,,17610,2390
2026-08-18T02:20:16Z,close,NHL,30,47,,17613,2387
2026-08-18T02:20:16Z,close,WNBA,5,20,,17616,2384
2026-08-18T03:09:27Z,close,NHL,30,47,,17619,2381
2026-08-18T03:09:27Z,close,WNBA,6,21,,17622,2378
2026-08-18T04:01:04Z,close,NHL,30,47,,17625,2375
2026-08-18T04:01:04Z,close,WNBA,6,22,,17628,2372
2026-08-18T04:38:40Z,open,NHL,30,47,,17631,2369
2026-08-18T04:38:40Z,open,WNBA,6,19,,17634,2366
2026-08-18T04:50:28Z,close,NHL,30,47,,17637,2363
2026-08-18T04:50:28Z,close,WNBA,6,20,,17640,2360
2026-08-18T15:36:05Z,morning,NHL,30,47,,17643,2357
2026-08-18T15:36:05Z,morning,WNBA,6,24,,17646,2354
2026-08-18T16:12:46Z,football,NFL,272,336,,17649,2351
2026-08-18T16:12:46Z,football,CFB,111,342,,17652,2348
2026-08-18T23:36:28Z,close,NHL,32,49,,17655,2345
2026-08-18T23:36:28Z,close,WNBA,6,24,,17658,2342
2026-08-19T01:55:12Z,close,NHL,32,49,,17661,2339
2026-08-19T01:55:12Z,close,WNBA,5,18,,17664,2336
2026-08-19T02:31:20Z,close,NHL,32,49,,17667,2333
2026-08-19T02:31:20Z,close,WNBA,7,21,,17670,2330
2026-08-19T03:11:41Z,close,NHL,32,49,,17673,2327
2026-08-19T03:11:41Z,close,WNBA,7,21,,17676,2324
2026-08-19T04:02:04Z,close,NHL,32,49,,17679,2321
2026-08-19T04:02:04Z,close,WNBA,5,17,,17682,2318
2026-08-19T04:40:06Z,open,NHL,32,49,,17685,2315
2026-08-19T04:40:06Z,open,WNBA,5,17,,17688,2312
2026-08-19T04:50:29Z,close,NHL,32,49,,17691,2309
2026-08-19T04:50:29Z,close,WNBA,5,17,,17694,2306
2026-08-19T15:35:53Z,morning,NHL,32,49,,19440,560
2026-08-19T15:35:53Z,morning,WNBA,5,17,,19443,557
2026-08-19T16:12:40Z,football,NFL,272,337,,19446,554
2026-08-19T16:12:40Z,football,CFB,111,342,,19449,551
2026-08-19T23:36:28Z,close,NHL,32,49,,19452,548
2026-08-19T23:36:28Z,close,WNBA,5,20,,19455,545
2026-08-20T01:54:02Z,close,NHL,32,49,,19458,542
2026-08-20T01:54:02Z,close,WNBA,7,22,,19461,539
2026-08-20T02:30:07Z,close,NHL,32,49,,19464,536
2026-08-20T02:30:07Z,close,WNBA,7,22,,19467,533
2026-08-20T03:10:54Z,close,NHL,32,49,,19470,530
2026-08-20T03:10:54Z,close,WNBA,7,22,,19473,527
2026-08-20T04:02:20Z,close,NHL,32,49,,19476,524
2026-08-20T04:02:20Z,close,WNBA,7,22,,19479,521
2026-08-20T04:40:10Z,open,NHL,32,49,,19482,518
2026-08-20T04:40:10Z,open,WNBA,6,21,,19485,515
2026-08-20T04:51:16Z,close,NHL,32,49,,19488,512
2026-08-20T04:51:16Z,close,WNBA,6,21,,19491,509
2026-08-20T15:38:13Z,morning,NHL,32,49,,19494,506
2026-08-20T15:38:13Z,morning,WNBA,6,21,,19497,503
2026-08-20T16:15:26Z,football,NFL,272,337,,19500,500
2026-08-20T16:15:26Z,football,CFB,111,342,,19503,497
2026-08-20T23:40:38Z,close,NHL,32,49,,19506,494
2026-08-20T23:40:38Z,close,WNBA,6,24,,19509,491
2026-08-21T02:00:09Z,close,NHL,32,49,,19512,488
2026-08-21T02:00:09Z,close,WNBA,6,24,,19515,485
2026-08-21T02:36:03Z,close,NHL,32,49,,19518,482
2026-08-21T02:36:03Z,close,WNBA,6,21,,19521,479
2026-08-21T03:17:09Z,close,NHL,32,49,,19524,476
2026-08-21T03:17:09Z,close,WNBA,7,22,,19527,473
2026-08-21T04:04:27Z,close,NHL,32,49,,19530,470
2026-08-21T04:04:27Z,close,WNBA,8,23,,19533,467
2026-08-21T04:41:44Z,open,NHL,32,49,,19536,464
2026-08-21T04:41:44Z,open,WNBA,6,21,,19539,461
2026-08-21T04:53:04Z,close,NHL,32,49,,19542,458
2026-08-21T04:53:04Z,close,WNBA,6,21,,19545,455
2026-08-21T15:38:11Z,morning,NHL,32,49,,19548,452
2026-08-21T15:38:11Z,morning,WNBA,6,21,,19551,449
2026-08-21T16:13:41Z,football,NFL,272,321,,19554,446
2026-08-21T16:13:41Z,football,CFB,111,342,,19557,443
2026-08-21T23:38:36Z,close,NHL,32,49,,19560,440
2026-08-21T23:38:36Z,close,WNBA,6,24,,19563,437
2026-08-22T01:52:57Z,close,NHL,32,49,,19566,434
2026-08-22T01:52:57Z,close,WNBA,5,19,,19569,431
2026-08-22T02:20:07Z,close,NHL,32,49,,19572,428
2026-08-22T02:20:07Z,close,WNBA,6,19,,19575,425
2026-08-22T03:08:26Z,close,NHL,32,49,,19578,422
2026-08-22T03:08:26Z,close,WNBA,6,20,,19581,419
2026-08-22T03:58:55Z,close,NHL,32,49,,19584,416
2026-08-22T03:58:55Z,close,WNBA,6,20,,19587,413
2026-08-22T04:36:02Z,open,NHL,32,49,,19590,410
2026-08-22T04:36:02Z,open,WNBA,7,18,,19593,407
2026-08-22T04:47:36Z,close,NHL,32,49,,19596,404
2026-08-22T04:47:36Z,close,WNBA,7,20,,19599,401
2026-08-22T15:26:20Z,morning,NHL,32,49,,19602,398
2026-08-22T15:26:20Z,morning,WNBA,7,24,,19605,395
2026-08-22T16:00:06Z,football,NFL,272,337,,19608,392
2026-08-22T16:00:06Z,football,CFB,111,342,,19611,389
2026-08-22T23:34:26Z,close,NHL,32,49,,19614,386
2026-08-22T23:34:26Z,close,WNBA,7,27,,19617,383
2026-08-23T02:01:47Z,close,NHL,32,49,,19620,380
2026-08-23T02:01:47Z,close,WNBA,6,24,,19623,377
2026-08-23T02:36:53Z,close,NHL,32,49,,19626,374
2026-08-23T02:36:53Z,close,WNBA,6,24,,19629,371
2026-08-23T03:16:44Z,close,NHL,32,49,,19632,368
2026-08-23T03:16:44Z,close,WNBA,7,25,,19635,365
2026-08-23T04:04:11Z,close,NHL,32,49,,19638,362
2026-08-23T04:04:11Z,close,WNBA,7,23,,19641,359
2026-08-23T04:40:45Z,open,NHL,32,49,,19644,356
2026-08-23T04:40:45Z,open,WNBA,6,22,,19647,353
2026-08-23T04:50:51Z,close,NHL,32,49,,19650,350
2026-08-23T04:50:51Z,close,WNBA,6,22,,19653,347
2026-08-23T15:27:19Z,morning,NHL,32,49,,19656,344
2026-08-23T15:27:19Z,morning,WNBA,6,22,,19659,341
2026-08-23T16:01:52Z,football,NFL,272,337,,19662,338
2026-08-23T16:01:52Z,football,CFB,111,342,,19665,335
2026-08-23T23:35:03Z,close,NHL,32,49,,19668,332
2026-08-23T23:35:03Z,close,WNBA,5,20,,19671,329
2026-08-24T01:59:48Z,close,NHL,32,49,,19674,326
2026-08-24T01:59:48Z,close,WNBA,4,11,,19677,323
2026-08-24T02:37:06Z,close,NHL,32,49,,19680,320
2026-08-24T02:37:06Z,close,WNBA,5,17,,19683,317
2026-08-24T03:17:23Z,close,NHL,32,49,,19686,314
2026-08-24T03:17:23Z,close,WNBA,5,17,,19689,311
2026-08-24T04:09:10Z,close,NHL,32,49,,19692,308
2026-08-24T04:09:10Z,close,WNBA,5,17,,19695,305
2026-08-24T04:49:18Z,open,NHL,32,49,,19698,302
2026-08-24T04:49:18Z,open,WNBA,5,17,,19701,299
2026-08-24T05:00:04Z,close,NHL,32,49,,19704,296
2026-08-24T05:00:04Z,close,WNBA,5,17,,19707,293
2026-08-24T15:44:02Z,morning,NHL,32,49,,19710,290
2026-08-24T15:44:02Z,morning,WNBA,5,17,,19713,287
2026-08-24T16:17:44Z,football,NFL,272,337,,19716,284
2026-08-24T16:17:44Z,football,CFB,111,342,,19719,281
2026-08-24T23:35:11Z,close,NHL,32,49,,19722,278
2026-08-24T23:35:11Z,close,WNBA,5,20,,19725,275
2026-08-25T01:54:57Z,close,NHL,32,49,,19728,272
2026-08-25T01:54:57Z,close,WNBA,6,22,,19731,269
2026-08-25T02:30:38Z,close,NHL,32,49,,19734,266
2026-08-25T02:30:38Z,close,WNBA,5,18,,19737,263
2026-08-25T03:13:14Z,close,NHL,32,49,,19740,260
2026-08-25T03:13:14Z,close,WNBA,5,18,,19743,257
2026-08-25T04:03:12Z,close,NHL,32,49,,19746,254
2026-08-25T04:03:12Z,close,WNBA,5,18,,19749,251
2026-08-25T04:41:48Z,open,NHL,32,49,,19752,248
2026-08-25T04:41:48Z,open,WNBA,5,18,,19755,245
2026-08-25T04:52:38Z,close,NHL,32,49,,19758,242
2026-08-25T04:52:38Z,close,WNBA,5,18,,19761,239
2026-08-25T15:48:44Z,morning,NHL,32,49,,19764,236
2026-08-25T15:48:44Z,morning,WNBA,5,20,,19767,233
2026-08-25T16:20:17Z,football,NFL,272,337,,19770,230
2026-08-25T16:20:17Z,football,CFB,111,342,,19773,227
2026-08-25T23:38:21Z,close,NHL,32,49,,19776,224
2026-08-25T23:38:21Z,close,WNBA,5,20,,19779,221
2026-08-26T02:01:00Z,close,NHL,32,49,,19782,218
2026-08-26T02:01:00Z,close,WNBA,5,17,,19785,215
2026-08-26T02:38:20Z,close,NHL,32,49,,19788,212
2026-08-26T02:38:20Z,close,WNBA,5,15,,19791,209
2026-08-26T03:19:30Z,close,NHL,32,49,,19794,206
2026-08-26T03:19:30Z,close,WNBA,5,16,,19797,203
2026-08-26T04:05:39Z,close,NHL,32,49,,19800,200
2026-08-26T04:05:39Z,close,WNBA,5,15,,19803,197
2026-08-26T04:43:00Z,open,NHL,32,49,,19806,194
2026-08-26T04:43:00Z,open,WNBA,4,14,,19809,191
2026-08-26T04:54:36Z,close,NHL,32,49,,19812,188
2026-08-26T04:54:36Z,close,WNBA,4,14,,19815,185
2026-08-26T16:21:48Z,morning,NHL,32,49,,19818,182
2026-08-26T16:21:48Z,morning,WNBA,4,16,,19821,179
2026-08-26T16:38:48Z,football,NFL,272,337,,19824,176
2026-08-26T16:38:48Z,football,CFB,111,345,,19827,173
2026-08-27T04:31:20Z,close,NHL,32,49,,19830,170
2026-08-27T04:31:20Z,close,WNBA,6,20,,19833,167
2026-08-27T09:57:02Z,close,NHL,32,49,,19836,164
2026-08-27T09:57:02Z,close,WNBA,6,20,,19839,161
2026-08-27T11:10:42Z,close,NHL,32,49,,19842,158
2026-08-27T11:10:42Z,close,WNBA,6,20,,19845,155
2026-08-27T12:49:35Z,close,NHL,32,49,,19848,152
2026-08-27T12:49:35Z,close,WNBA,6,20,,19851,149
2026-08-27T14:18:12Z,close,NHL,32,49,,19854,146
2026-08-27T14:18:12Z,close,WNBA,6,20,,19857,143
2026-08-27T15:03:50Z,open,NHL,32,49,,19860,140
2026-08-27T15:03:50Z,open,WNBA,6,20,,19863,137
2026-08-27T15:14:09Z,close,NHL,32,49,,19866,134
2026-08-27T15:14:09Z,close,WNBA,6,20,,19869,131
2026-08-28T00:19:06Z,morning,NHL,32,49,,19872,128
2026-08-28T00:19:06Z,morning,WNBA,6,24,,19875,125
2026-08-28T00:37:21Z,football,NFL,272,337,,19878,122
2026-08-28T00:37:21Z,football,CFB,109,315,,19881,119
2026-08-28T06:56:08Z,close,NHL,32,49,,19884,116
2026-08-28T06:56:08Z,close,WNBA,5,18,,19887,113
2026-08-28T11:30:07Z,close,NHL,32,49,,19890,110
2026-08-28T11:30:07Z,close,WNBA,5,18,,19893,107
2026-08-28T12:45:26Z,close,NHL,32,49,,19896,104
2026-08-28T12:45:26Z,close,WNBA,5,18,,19899,101
2026-08-28T14:22:24Z,close,NHL,32,49,,19902,98
2026-08-28T14:22:24Z,close,WNBA,5,18,,19905,95
2026-08-28T15:28:16Z,close,NHL,32,49,,19908,92
2026-08-28T15:28:16Z,close,WNBA,5,19,,19911,89
2026-08-28T16:26:46Z,open,NHL,32,49,,19914,86
2026-08-28T16:26:46Z,open,WNBA,5,19,,19917,83
2026-08-28T16:37:17Z,close,NHL,32,49,,19920,80
2026-08-28T16:37:17Z,close,WNBA,5,19,,19923,77
2026-08-28T23:57:59Z,morning,NHL,32,49,,19926,74
2026-08-28T23:57:59Z,morning,WNBA,5,20,,19929,71
2026-08-29T00:09:04Z,football,NFL,272,337,,19932,68
2026-08-29T00:09:04Z,football,CFB,111,340,,19935,65
2026-08-29T04:09:56Z,close,NHL,32,49,,19938,62
2026-08-29T04:09:56Z,close,WNBA,5,15,,19941,59
2026-08-29T07:09:27Z,close,NHL,32,49,,19944,56
2026-08-29T07:09:27Z,close,WNBA,3,10,,19947,53
2026-08-29T07:51:54Z,close,NHL,32,49,,19950,50
2026-08-29T07:51:54Z,close,WNBA,3,10,,19953,47
2026-08-29T09:05:22Z,close,NHL,32,49,,19956,44
2026-08-29T09:05:22Z,close,WNBA,3,10,,19959,41
2026-08-29T10:11:21Z,close,NHL,32,49,,19962,38
2026-08-29T10:11:21Z,close,WNBA,3,10,,19965,35
2026-08-29T10:55:25Z,open,NHL,32,49,,19968,32
2026-08-29T10:55:25Z,open,WNBA,3,10,,19971,29
2026-08-29T11:04:28Z,close,NHL,32,49,,19974,26
2026-08-29T11:04:28Z,close,WNBA,3,10,,19977,23
2026-08-29T18:15:13Z,morning,NHL,32,49,,19980,20
2026-08-29T18:15:13Z,morning,WNBA,3,12,,19983,17
2026-08-29T18:55:07Z,football,NFL,272,337,,19986,14
2026-08-29T18:55:07Z,football,CFB,111,343,,19989,11
2026-08-30T01:15:32Z,close,NHL,32,49,,19992,8
2026-08-30T01:15:32Z,close,WNBA,5,19,,19995,5
2026-08-30T05:30:18Z,close,NHL,32,49,,19998,2
2026-08-30T05:30:18Z,close,WNBA,0,0,HTTPError: 401 Client Error: Unauthorized for url: https://api.the-odds-api.com/v4/sports/basketball_wnba/odds/?apiKey=***&regions=us&markets=h2h%2Cspreads%2Ctotals&bookmakers=betmgm%2Ccaesars%2Cfanduel%2Cdraftkings%2Cbetrivers&oddsFormat=american,,
2026-08-30T06:37:33Z,close,NHL,0,0,HTTPError: 401 Client Error: Unauthorized for url: https://api.the-odds-api.com/v4/sports/icehockey_nhl/odds/?apiKey=***&regions=us&markets=h2h%2Cspreads%2Ctotals&bookmakers=betmgm%2Ccaesars%2Cfanduel%2Cdraftkings%2Cbetrivers&oddsFormat=american,,
2026-08-30T06:37:33Z,close,WNBA,0,0,HTTPError: 401 Client Error: Unauthorized for url: https://api.the-odds-api.com/v4/sports/basketball_wnba/odds/?apiKey=***&regions=us&markets=h2h%2Cspreads%2Ctotals&bookmakers=betmgm%2Ccaesars%2Cfanduel%2Cdraftkings%2Cbetrivers&oddsFormat=american,,
2026-08-30T08:20:28Z,close,NHL,0,0,HTTPError: 401 Client Error: Unauthorized for url: https://api.the-odds-api.com/v4/sports/icehockey_nhl/odds/?apiKey=***&regions=us&markets=h2h%2Cspreads%2Ctotals&bookmakers=betmgm%2Ccaesars%2Cfanduel%2Cdraftkings%2Cbetrivers&oddsFormat=american,,
2026-08-30T08:20:28Z,close,WNBA,0,0,HTTPError: 401 Client Error: Unauthorized for url: https://api.the-odds-api.com/v4/sports/basketball_wnba/odds/?apiKey=***&regions=us&markets=h2h%2Cspreads%2Ctotals&bookmakers=betmgm%2Ccaesars%2Cfanduel%2Cdraftkings%2Cbetrivers&oddsFormat=american,,
2026-08-30T09:18:57Z,close,NHL,0,0,HTTPError: 401 Client Error: Unauthorized for url: https://api.the-odds-api.com/v4/sports/icehockey_nhl/odds/?apiKey=***&regions=us&markets=h2h%2Cspreads%2Ctotals&bookmakers=betmgm%2Ccaesars%2Cfanduel%2Cdraftkings%2Cbetrivers&oddsFormat=american,,
2026-08-30T09:18:57Z,close,WNBA,0,0,HTTPError: 401 Client Error: Unauthorized for url: https://api.the-odds-api.com/v4/sports/basketball_wnba/odds/?apiKey=***&regions=us&markets=h2h%2Cspreads%2Ctotals&bookmakers=betmgm%2Ccaesars%2Cfanduel%2Cdraftkings%2Cbetrivers&oddsFormat=american,,
2026-08-30T09:50:05Z,open,NHL,0,0,HTTPError: 401 Client Error: Unauthorized for url: https://api.the-odds-api.com/v4/sports/icehockey_nhl/odds/?apiKey=***&regions=us&markets=h2h%2Cspreads%2Ctotals&bookmakers=betmgm%2Ccaesars%2Cfanduel%2Cdraftkings%2Cbetrivers&oddsFormat=american,,
2026-08-30T09:50:05Z,open,WNBA,0,0,HTTPError: 401 Client Error: Unauthorized for url: https://api.the-odds-api.com/v4/sports/basketball_wnba/odds/?apiKey=***&regions=us&markets=h2h%2Cspreads%2Ctotals&bookmakers=betmgm%2Ccaesars%2Cfanduel%2Cdraftkings%2Cbetrivers&oddsFormat=american,,
2026-08-30T09:55:55Z,close,NHL,0,0,HTTPError: 401 Client Error: Unauthorized for url: https://api.the-odds-api.com/v4/sports/icehockey_nhl/odds/?apiKey=***&regions=us&markets=h2h%2Cspreads%2Ctotals&bookmakers=betmgm%2Ccaesars%2Cfanduel%2Cdraftkings%2Cbetrivers&oddsFormat=american,,
2026-08-30T09:55:55Z,close,WNBA,0,0,HTTPError: 401 Client Error: Unauthorized for url: https://api.the-odds-api.com/v4/sports/basketball_wnba/odds/?apiKey=***&regions=us&markets=h2h%2Cspreads%2Ctotals&bookmakers=betmgm%2Ccaesars%2Cfanduel%2Cdraftkings%2Cbetrivers&oddsFormat=american,,
2026-08-30T18:31:10Z,morning,NHL,0,0,HTTPError: 401 Client Error: Unauthorized for url: https://api.the-odds-api.com/v4/sports/icehockey_nhl/odds/?apiKey=***&regions=us&markets=h2h%2Cspreads%2Ctotals&bookmakers=betmgm%2Ccaesars%2Cfanduel%2Cdraftkings%2Cbetrivers&oddsFormat=american,,
2026-08-30T18:31:10Z,morning,WNBA,0,0,HTTPError: 401 Client Error: Unauthorized for url: https://api.the-odds-api.com/v4/sports/basketball_wnba/odds/?apiKey=***&regions=us&markets=h2h%2Cspreads%2Ctotals&bookmakers=betmgm%2Ccaesars%2Cfanduel%2Cdraftkings%2Cbetrivers&oddsFormat=american,,
2026-08-30T18:49:33Z,football,NFL,0,0,HTTPError: 401 Client Error: Unauthorized for url: https://api.the-odds-api.com/v4/sports/americanfootball_nfl/odds/?apiKey=***&regions=us&markets=h2h%2Cspreads%2Ctotals&bookmakers=betmgm%2Ccaesars%2Cfanduel%2Cdraftkings%2Cbetrivers&oddsFormat=american,,
2026-08-30T18:49:33Z,football,CFB,0,0,HTTPError: 401 Client Error: Unauthorized for url: https://api.the-odds-api.com/v4/sports/americanfootball_ncaaf/odds/?apiKey=***&regions=us&markets=h2h%2Cspreads%2Ctotals&bookmakers=betmgm%2Ccaesars%2Cfanduel%2Cdraftkings%2Cbetrivers&oddsFormat=american,,
2026-08-31T01:22:35Z,close,NHL,0,0,HTTPError: 401 Client Error: Unauthorized for url: https://api.the-odds-api.com/v4/sports/icehockey_nhl/odds/?apiKey=***&regions=us&markets=h2h%2Cspreads%2Ctotals&bookmakers=betmgm%2Ccaesars%2Cfanduel%2Cdraftkings%2Cbetrivers&oddsFormat=american,,
2026-08-31T01:22:35Z,close,WNBA,0,0,HTTPError: 401 Client Error: Unauthorized for url: https://api.the-odds-api.com/v4/sports/basketball_wnba/odds/?apiKey=***&regions=us&markets=h2h%2Cspreads%2Ctotals&bookmakers=betmgm%2Ccaesars%2Cfanduel%2Cdraftkings%2Cbetrivers&oddsFormat=american,,
2026-08-31T05:44:31Z,close,NHL,0,0,HTTPError: 401 Client Error: Unauthorized for url: https://api.the-odds-api.com/v4/sports/icehockey_nhl/odds/?apiKey=***&regions=us&markets=h2h%2Cspreads%2Ctotals&bookmakers=betmgm%2Ccaesars%2Cfanduel%2Cdraftkings%2Cbetrivers&oddsFormat=american,,
2026-08-31T05:44:31Z,close,WNBA,0,0,HTTPError: 401 Client Error: Unauthorized for url: https://api.the-odds-api.com/v4/sports/basketball_wnba/odds/?apiKey=***&regions=us&markets=h2h%2Cspreads%2Ctotals&bookmakers=betmgm%2Ccaesars%2Cfanduel%2Cdraftkings%2Cbetrivers&oddsFormat=american,,
2026-08-31T07:01:28Z,close,NHL,0,0,HTTPError: 401 Client Error: Unauthorized for url: https://api.the-odds-api.com/v4/sports/icehockey_nhl/odds/?apiKey=***&regions=us&markets=h2h%2Cspreads%2Ctotals&bookmakers=betmgm%2Ccaesars%2Cfanduel%2Cdraftkings%2Cbetrivers&oddsFormat=american,,
2026-08-31T07:01:28Z,close,WNBA,0,0,HTTPError: 401 Client Error: Unauthorized for url: https://api.the-odds-api.com/v4/sports/basketball_wnba/odds/?apiKey=***&regions=us&markets=h2h%2Cspreads%2Ctotals&bookmakers=betmgm%2Ccaesars%2Cfanduel%2Cdraftkings%2Cbetrivers&oddsFormat=american,,
2026-08-31T08:40:36Z,close,NHL,0,0,HTTPError: 401 Client Error: Unauthorized for url: https://api.the-odds-api.com/v4/sports/icehockey_nhl/odds/?apiKey=***&regions=us&markets=h2h%2Cspreads%2Ctotals&bookmakers=betmgm%2Ccaesars%2Cfanduel%2Cdraftkings%2Cbetrivers&oddsFormat=american,,
2026-08-31T08:40:36Z,close,WNBA,0,0,HTTPError: 401 Client Error: Unauthorized for url: https://api.the-odds-api.com/v4/sports/basketball_wnba/odds/?apiKey=***&regions=us&markets=h2h%2Cspreads%2Ctotals&bookmakers=betmgm%2Ccaesars%2Cfanduel%2Cdraftkings%2Cbetrivers&oddsFormat=american,,
2026-08-31T09:52:26Z,close,NHL,0,0,HTTPError: 401 Client Error: Unauthorized for url: https://api.the-odds-api.com/v4/sports/icehockey_nhl/odds/?apiKey=***&regions=us&markets=h2h%2Cspreads%2Ctotals&bookmakers=betmgm%2Ccaesars%2Cfanduel%2Cdraftkings%2Cbetrivers&oddsFormat=american,,
2026-08-31T09:52:26Z,close,WNBA,0,0,HTTPError: 401 Client Error: Unauthorized for url: https://api.the-odds-api.com/v4/sports/basketball_wnba/odds/?apiKey=***&regions=us&markets=h2h%2Cspreads%2Ctotals&bookmakers=betmgm%2Ccaesars%2Cfanduel%2Cdraftkings%2Cbetrivers&oddsFormat=american,,
2026-08-31T10:40:55Z,open,NHL,0,0,HTTPError: 401 Client Error: Unauthorized for url: https://api.the-odds-api.com/v4/sports/icehockey_nhl/odds/?apiKey=***&regions=us&markets=h2h%2Cspreads%2Ctotals&bookmakers=betmgm%2Ccaesars%2Cfanduel%2Cdraftkings%2Cbetrivers&oddsFormat=american,,
2026-08-31T10:40:55Z,open,WNBA,0,0,HTTPError: 401 Client Error: Unauthorized for url: https://api.the-odds-api.com/v4/sports/basketball_wnba/odds/?apiKey=***&regions=us&markets=h2h%2Cspreads%2Ctotals&bookmakers=betmgm%2Ccaesars%2Cfanduel%2Cdraftkings%2Cbetrivers&oddsFormat=american,,
2026-08-31T10:49:58Z,close,NHL,0,0,HTTPError: 401 Client Error: Unauthorized for url: https://api.the-odds-api.com/v4/sports/icehockey_nhl/odds/?apiKey=***&regions=us&markets=h2h%2Cspreads%2Ctotals&bookmakers=betmgm%2Ccaesars%2Cfanduel%2Cdraftkings%2Cbetrivers&oddsFormat=american,,
2026-08-31T10:49:58Z,close,WNBA,0,0,HTTPError: 401 Client Error: Unauthorized for url: https://api.the-odds-api.com/v4/sports/basketball_wnba/odds/?apiKey=***&regions=us&markets=h2h%2Cspreads%2Ctotals&bookmakers=betmgm%2Ccaesars%2Cfanduel%2Cdraftkings%2Cbetrivers&oddsFormat=american,,
2026-08-31T20:43:51Z,morning,NHL,0,0,HTTPError: 401 Client Error: Unauthorized for url: https://api.the-odds-api.com/v4/sports/icehockey_nhl/odds/?apiKey=***&regions=us&markets=h2h%2Cspreads%2Ctotals&bookmakers=betmgm%2Ccaesars%2Cfanduel%2Cdraftkings%2Cbetrivers&oddsFormat=american,,
2026-08-31T20:43:51Z,morning,WNBA,0,0,HTTPError: 401 Client Error: Unauthorized for url: https://api.the-odds-api.com/v4/sports/basketball_wnba/odds/?apiKey=***&regions=us&markets=h2h%2Cspreads%2Ctotals&bookmakers=betmgm%2Ccaesars%2Cfanduel%2Cdraftkings%2Cbetrivers&oddsFormat=american,,
2026-08-31T21:07:12Z,football,NFL,0,0,HTTPError: 401 Client Error: Unauthorized for url: https://api.the-odds-api.com/v4/sports/americanfootball_nfl/odds/?apiKey=***&regions=us&markets=h2h%2Cspreads%2Ctotals&bookmakers=betmgm%2Ccaesars%2Cfanduel%2Cdraftkings%2Cbetrivers&oddsFormat=american,,
2026-08-31T21:07:12Z,football,CFB,0,0,HTTPError: 401 Client Error: Unauthorized for url: https://api.the-odds-api.com/v4/sports/americanfootball_ncaaf/odds/?apiKey=***&regions=us&markets=h2h%2Cspreads%2Ctotals&bookmakers=betmgm%2Ccaesars%2Cfanduel%2Cdraftkings%2Cbetrivers&oddsFormat=american,,
2026-09-01T01:49:29Z,close,NHL,32,49,,3,19997
2026-09-01T01:49:29Z,close,WNBA,8,24,,6,19994
2026-09-01T05:17:38Z,close,NHL,32,49,,9,19991
2026-09-01T05:17:38Z,close,WNBA,8,24,,12,19988
2026-09-01T06:13:51Z,close,NHL,32,49,,15,19985
2026-09-01T06:13:51Z,close,WNBA,8,24,,18,19982
2026-09-01T07:50:33Z,close,NHL,32,49,,21,19979
2026-09-01T07:50:33Z,close,WNBA,8,24,,24,19976
2026-09-01T08:44:19Z,close,NHL,32,49,,27,19973
2026-09-01T08:44:19Z,close,WNBA,8,24,,30,19970
2026-09-01T09:16:44Z,open,NHL,32,49,,33,19967
2026-09-01T09:16:44Z,open,WNBA,8,24,,36,19964
2026-09-01T09:23:25Z,close,NHL,32,49,,39,19961
2026-09-01T09:23:25Z,close,WNBA,8,24,,42,19958
2026-09-01T18:17:00Z,morning,NHL,32,49,,45,19955
2026-09-01T18:17:00Z,morning,WNBA,8,24,,48,19952
2026-09-01T18:52:14Z,football,NFL,272,337,,51,19949
2026-09-01T18:52:14Z,football,CFB,146,390,,54,19946
2026-09-02T01:01:56Z,close,NHL,32,49,,57,19943
2026-09-02T01:01:56Z,close,WNBA,8,24,,60,19940
2026-09-02T04:42:45Z,close,NHL,32,49,,73,19927
2026-09-02T04:42:45Z,close,WNBA,8,24,,76,19924
2026-09-02T05:48:05Z,close,NHL,32,49,,79,19921
2026-09-02T05:48:05Z,close,WNBA,8,24,,82,19918
2026-09-02T07:07:22Z,close,NHL,32,49,,85,19915
2026-09-02T07:07:22Z,close,WNBA,8,24,,88,19912
2026-09-02T07:58:35Z,close,NHL,32,49,,91,19909
2026-09-02T07:58:35Z,close,WNBA,8,24,,94,19906
2026-09-02T08:36:26Z,open,NHL,32,49,,97,19903
2026-09-02T08:36:26Z,open,WNBA,8,24,,100,19900
2026-09-02T08:46:00Z,close,NHL,32,49,,103,19897
2026-09-02T08:46:00Z,close,WNBA,8,24,,106,19894
2026-09-02T18:29:59Z,morning,NHL,32,49,,3069,16931
2026-09-02T18:29:59Z,morning,WNBA,8,24,,3072,16928
2026-09-02T18:58:19Z,football,NFL,272,337,,3075,16925
2026-09-02T18:58:19Z,football,CFB,146,397,,3078,16922
2026-09-03T01:06:58Z,close,NHL,32,49,,3081,16919
2026-09-03T01:06:58Z,close,WNBA,8,24,,3084,16916
2026-09-03T04:39:07Z,close,NHL,32,49,,3087,16913
2026-09-03T04:39:07Z,close,WNBA,8,24,,3090,16910
2026-09-03T05:46:08Z,close,NHL,32,49,,3093,16907
2026-09-03T05:46:08Z,close,WNBA,8,24,,3096,16904
2026-09-03T07:11:46Z,close,NHL,32,49,,3099,16901
2026-09-03T07:11:46Z,close,WNBA,8,24,,3102,16898
